https://www.stormlabuk.com/wp-content/uploads/2017/10/20171013_1710340.jpg	news/20171013_1710340.jpg
https://www.stormlabuk.com/wp-content/uploads/2017/10/new_master_stud.png	news/new_master_stud.png
https://www.stormlabuk.com/wp-content/uploads/2017/10/newphd.png	news/newphd.png
https://www.stormlabuk.com/wp-content/uploads/2017/10/newpostdocs.jpg	news/newpostdocs.jpg
https://www.stormlabuk.com/wp-content/uploads/2017/12/3240a670-cffc-46fb-84c0-48204362b138.jpg	news/3240a670-cffc-46fb-84c0-48204362b138.jpg
https://www.stormlabuk.com/wp-content/uploads/2017/12/SKY_0093-3-X3.jpg	news/SKY_0093-3-X3.jpg
https://www.stormlabuk.com/wp-content/uploads/2017/12/collage-1024x458.png	news/collage-1024x458.png
https://www.stormlabuk.com/wp-content/uploads/2018/01/DSC_0193-1024x683.jpg	news/DSC_0193-1024x683.jpg
https://www.stormlabuk.com/wp-content/uploads/2018/02/20180216_104946X-e1519506631805-225x300.jpg	news/20180216_104946X-e1519506631805-225x300.jpg
https://www.stormlabuk.com/wp-content/uploads/2018/02/20180216_145301X-300x225.jpg	news/20180216_145301X-300x225.jpg
https://www.stormlabuk.com/wp-content/uploads/2018/02/IMG_20180221_100327.jpg	news/IMG_20180221_100327.jpg
https://www.stormlabuk.com/wp-content/uploads/2018/02/IMG_20180221_124548.jpg	news/IMG_20180221_124548.jpg
https://www.stormlabuk.com/wp-content/uploads/2018/02/IMG_20180221_140931.jpg	news/IMG_20180221_140931.jpg
https://www.stormlabuk.com/wp-content/uploads/2018/03/Certificate-300x183.jpg	news/Certificate-300x183.jpg
https://www.stormlabuk.com/wp-content/uploads/2018/03/DSC_0403_NIC-300x165.jpg	news/DSC_0403_NIC-300x165.jpg
https://www.stormlabuk.com/wp-content/uploads/2018/03/PietroeNic-300x183.jpg	news/PietroeNic-300x183.jpg
https://www.stormlabuk.com/wp-content/uploads/2018/03/catturapietrowired2-1024x580.png	news/catturapietrowired2-1024x580.png
https://www.stormlabuk.com/wp-content/uploads/2018/04/20180327_153408-1024x576.jpg	news/20180327_153408-1024x576.jpg
https://www.stormlabuk.com/wp-content/uploads/2018/06/hs_10_web_banner6b_0.jpg	news/hs_10_web_banner6b_0.jpg
https://www.stormlabuk.com/wp-content/uploads/2018/06/lavinia_hamlyn-300x169.jpg	news/lavinia_hamlyn-300x169.jpg
https://www.stormlabuk.com/wp-content/uploads/2018/07/1024x538_501963.jpg	news/1024x538_501963.jpg
https://www.stormlabuk.com/wp-content/uploads/2018/07/IMG_20180708_133242-1024x768.jpg	news/IMG_20180708_133242-1024x768.jpg
https://www.stormlabuk.com/wp-content/uploads/2018/07/IMG_20180709_122756-1024x768.jpg	news/IMG_20180709_122756-1024x768.jpg
https://www.stormlabuk.com/wp-content/uploads/2018/07/IMG_20180709_122819-768x1024.jpg	news/IMG_20180709_122819-768x1024.jpg
https://www.stormlabuk.com/wp-content/uploads/2018/07/IMG_20180709_182422-1024x768.jpg	news/IMG_20180709_182422-1024x768.jpg
https://www.stormlabuk.com/wp-content/uploads/2018/08/KukaAward-e1537460397213.jpg	news/KukaAward-e1537460397213.jpg
https://www.stormlabuk.com/wp-content/uploads/2019/02/1200_x_600_Elec_storm_lab.png	news/1200_x_600_Elec_storm_lab.png
https://www.stormlabuk.com/wp-content/uploads/2019/02/1200px-Cancer_Research_UK.svg.png	news/1200px-Cancer_Research_UK.svg.png
https://www.stormlabuk.com/wp-content/uploads/2019/02/1200px-European_Research_Council_logo.svg.png	news/1200px-European_Research_Council_logo.svg.png
https://www.stormlabuk.com/wp-content/uploads/2019/03/setti.png	news/setti.png
https://www.stormlabuk.com/wp-content/uploads/2019/05/hmpstl1.jpg	news/hmpstl1.jpg
https://www.stormlabuk.com/wp-content/uploads/2019/05/james_poster-1-768x1024.jpg	news/james_poster-1-768x1024.jpg
https://www.stormlabuk.com/wp-content/uploads/2019/07/48178605772_4332d6841b_k-1024x683.jpg	news/48178605772_4332d6841b_k-1024x683.jpg
https://www.stormlabuk.com/wp-content/uploads/2019/11/IMG-20191109-WA0006.jpg	news/IMG-20191109-WA0006.jpg
https://www.stormlabuk.com/wp-content/uploads/2019/11/IMG_1792-820x500.jpg	news/IMG_1792-820x500.jpg
https://www.stormlabuk.com/wp-content/uploads/2020/01/WEB_LUGDant160119_3157__36.jpg	news/WEB_LUGDant160119_3157__36.jpg
https://www.stormlabuk.com/wp-content/uploads/2020/02/photo_2020-02-10_17-53-39.jpg	news/photo_2020-02-10_17-53-39.jpg
https://www.stormlabuk.com/wp-content/uploads/2020/02/qwe.png	news/qwe.png
https://www.stormlabuk.com/wp-content/uploads/2020/04/Capture-1.png	news/Capture-1.png
https://www.stormlabuk.com/wp-content/uploads/2020/04/Capture.png	news/Capture.png
https://www.stormlabuk.com/wp-content/uploads/2020/05/capture112.png	news/capture112.png
https://www.stormlabuk.com/wp-content/uploads/2020/06/Annotation-2020-06-29-223405.png	news/Annotation-2020-06-29-223405.png
https://www.stormlabuk.com/wp-content/uploads/2020/06/Capture.png	news/Capture.png
https://www.stormlabuk.com/wp-content/uploads/2020/07/Untitled-2.png	news/Untitled-2.png
https://www.stormlabuk.com/wp-content/uploads/2020/07/ral.png	news/ral.png
https://www.stormlabuk.com/wp-content/uploads/2020/08/OverviewRA-L_campisano.png	news/OverviewRA-L_campisano.png
https://www.stormlabuk.com/wp-content/uploads/2020/10/Capture.png	news/Capture.png
https://www.stormlabuk.com/wp-content/uploads/2020/10/Chandler_Figure_1.png	news/Chandler_Figure_1.png
https://www.stormlabuk.com/wp-content/uploads/2020/10/robot_talk_1400x1400-600x400-1.jpg	news/robot_talk_1400x1400-600x400-1.jpg
https://www.stormlabuk.com/wp-content/uploads/2020/10/website-01.png	news/website-01.png
https://www.stormlabuk.com/wp-content/uploads/2021/01/GRAPH.png	news/GRAPH.png
https://www.stormlabuk.com/wp-content/uploads/2021/02/frobt-08-612852-g001.jpg	news/frobt-08-612852-g001.jpg
https://www.stormlabuk.com/wp-content/uploads/2021/03/Website_Fig_IJRR-scaled.jpg	news/Website_Fig_IJRR-scaled.jpg
https://www.stormlabuk.com/wp-content/uploads/2021/05/Capturea.png	news/Capturea.png
https://www.stormlabuk.com/wp-content/uploads/2021/05/Thackray-Robot.jpg	news/Thackray-Robot.jpg
https://www.stormlabuk.com/wp-content/uploads/2021/06/Capture1.png	news/Capture1.png
https://www.stormlabuk.com/wp-content/uploads/2021/06/RESIZEDAdobeImage.png	news/RESIZEDAdobeImage.png
https://www.stormlabuk.com/wp-content/uploads/2021/07/ApplicationFrameHost_Acv0e5gCJC.png	news/ApplicationFrameHost_Acv0e5gCJC.png
https://www.stormlabuk.com/wp-content/uploads/2021/07/frobt-08-715662-g002.jpg	news/frobt-08-715662-g002.jpg
https://www.stormlabuk.com/wp-content/uploads/2021/07/hsmr21-banner-final_1619798242486_eventfeatured2018_x1.jpg	news/hsmr21-banner-final_1619798242486_eventfeatured2018_x1.jpg
https://www.stormlabuk.com/wp-content/uploads/2021/09/Capture.png	news/Capture.png
https://www.stormlabuk.com/wp-content/uploads/2021/11/drmr.jpg	news/drmr.jpg
https://www.stormlabuk.com/wp-content/uploads/2022/01/frobt-08-790571-g001.jpg	news/frobt-08-790571-g001.jpg
https://www.stormlabuk.com/wp-content/uploads/2022/02/Capture.png	news/Capture.png
https://www.stormlabuk.com/wp-content/uploads/2022/04/image.jpg	news/image.jpg
https://www.stormlabuk.com/wp-content/uploads/2022/05/1651047040629.jpg	news/1651047040629.jpg
https://www.stormlabuk.com/wp-content/uploads/2022/05/frobt-09-854081-g001.jpg	news/frobt-09-854081-g001.jpg
https://www.stormlabuk.com/wp-content/uploads/2022/05/image-1.jpg	news/image-1.jpg
https://www.stormlabuk.com/wp-content/uploads/2022/07/chrome_hHKqDEFjW2.png	news/chrome_hHKqDEFjW2.png
https://www.stormlabuk.com/wp-content/uploads/2022/07/tmrb-abstract-01.png	news/tmrb-abstract-01.png
https://www.stormlabuk.com/wp-content/uploads/2022/09/MicrosoftTeams-image-5.jpg	news/MicrosoftTeams-image-5.jpg
https://www.stormlabuk.com/wp-content/uploads/2022/10/chrome_hiDiFyAxo8.png	news/chrome_hiDiFyAxo8.png
https://www.stormlabuk.com/wp-content/uploads/2022/10/lFg7aNit4G.png	news/lFg7aNit4G.png
https://www.stormlabuk.com/wp-content/uploads/2022/12/ApplicationFrameHost_F8fGljqF3r.png	news/ApplicationFrameHost_F8fGljqF3r.png
https://www.stormlabuk.com/wp-content/uploads/2023/03/2427-MARK_WEBSTER_photography.jpg	news/2427-MARK_WEBSTER_photography.jpg
https://www.stormlabuk.com/wp-content/uploads/2023/05/chrome_oCII0XU8uq.png	news/chrome_oCII0XU8uq.png
https://www.stormlabuk.com/wp-content/uploads/2023/05/feature.png	news/feature.png
https://www.stormlabuk.com/wp-content/uploads/2023/05/lloyd1-3264770-large.gif	news/lloyd1-3264770-large.gif
https://www.stormlabuk.com/wp-content/uploads/2023/05/sittiWorm.gif	news/sittiWorm.gif
https://www.stormlabuk.com/wp-content/uploads/2023/07/First_demonstration_of_bimanual_magnetic_soft_robots_for_skull_base_surgery.jpg	news/First_demonstration_of_bimanual_magnetic_soft_robots_for_skull_base_surgery.jpg
https://www.stormlabuk.com/wp-content/uploads/2023/10/VICE-endocsope-team-SU001.jpg	news/VICE-endocsope-team-SU001.jpg
https://www.stormlabuk.com/wp-content/uploads/2023/11/ApplicationFrameHost_oXUASeJdeJ.png	news/ApplicationFrameHost_oXUASeJdeJ.png
https://www.stormlabuk.com/wp-content/uploads/2023/11/adem202301275-fig-0001-m.jpg	news/adem202301275-fig-0001-m.jpg
https://www.stormlabuk.com/wp-content/uploads/2024/01/1705433237733.jpg	news/1705433237733.jpg
https://www.stormlabuk.com/wp-content/uploads/2024/04/gr1.jpg	news/gr1.jpg
https://www.stormlabuk.com/wp-content/uploads/2024/07/800x400-0-0-1-80-lungs_with_bronchi800400_adobestock.jpg	news/800x400-0-0-1-80-lungs_with_bronchi800400_adobestock.jpg
https://www.stormlabuk.com/wp-content/uploads/2024/07/chrome_NIWQ5nxKQw.png	news/chrome_NIWQ5nxKQw.png
https://www.stormlabuk.com/wp-content/uploads/2024/09/3fjX5Ud3ZV.png	news/3fjX5Ud3ZV.png
https://www.stormlabuk.com/wp-content/uploads/2024/09/chrome_B0qYlk7ntA.png	news/chrome_B0qYlk7ntA.png
https://www.stormlabuk.com/wp-content/uploads/2024/09/thumbnail_PXL_20240903_1324524562.jpg	news/thumbnail_PXL_20240903_1324524562.jpg
https://www.stormlabuk.com/wp-content/uploads/2024/10/1-12.webp	news/1-12.webp
https://www.stormlabuk.com/wp-content/uploads/2024/11/Screenshot_20241118-111251.png	news/Screenshot_20241118-111251.png
https://www.stormlabuk.com/wp-content/uploads/2025/01/chrome_ewjfic1uUO.png	news/chrome_ewjfic1uUO.png
https://www.stormlabuk.com/wp-content/uploads/2025/04/800x400-0-0-1-80-OloidMagRobotics_jadu_StormLab_2025.jpg	news/800x400-0-0-1-80-OloidMagRobotics_jadu_StormLab_2025.jpg
https://www.stormlabuk.com/wp-content/uploads/2025/04/chrome_L3BfQhNRUq.png	news/chrome_L3BfQhNRUq.png
https://www.stormlabuk.com/wp-content/uploads/2026/02/Photos_erV70KVUG3.png	news/Photos_erV70KVUG3.png
https://www.stormlabuk.com/wp-content/uploads/2026/02/adrr70099-fig-0001-m.jpg	news/adrr70099-fig-0001-m.jpg
https://www.stormlabuk.com/wp-content/uploads/2026/02/chrome_O2j23klyML.jpg	news/chrome_O2j23klyML.jpg
https://www.stormlabuk.com/wp-content/uploads/2026/03/10.1177_02783649251415415-fig1.jpg	news/10.1177_02783649251415415-fig1.jpg
https://www.stormlabuk.com/wp-content/uploads/2026/03/OeEyzanyNv.png	news/OeEyzanyNv.png
https://www.stormlabuk.com/wp-content/uploads/2026/03/chrome_fqaBjd8ztj.png	news/chrome_fqaBjd8ztj.png
https://www.stormlabuk.com/wp-content/uploads/2026/04/3Robosoft_BestPaper_FeatureArticle.png.webp	news/3Robosoft_BestPaper_FeatureArticle.png.webp
https://www.stormlabuk.com/wp-content/uploads/2026/05/download.png	news/download.png
